{"ntF5PDc":{"title":"https://time4sounds.tk/","urls":["https://time4sounds.tk/"],"referrers":["https://www.instagram.com","https://www.facebook.com","https://www.google.com","https://www.yandex.com","https://www.bing.com","https://www.twitter.com","https://www.youtube.com"],"duration":[150,180],"mainMacro":"await WaitForLoading();\nfor (var j=1; j<10; j++) {\n    \n    \n    do { //scroll\n    \n        scrl = Random(3,9);\n        for (var i = 1; i < scrl; i++) {\n            await EvaluateScript(\"var ddE = document.documentElement; ddE.scrollTo(0, ddE.clientHeight/(Math.floor(Math.random()*3)+9) + ddE.scrollTop);\");\n            await Delay(Random(40,50));\n        }\n        await Delay (Random(70,80));\n    } while (await EvaluateScript(\"var ddE = document.documentElement; ddE.clientHeight+ddE.scrollTop < ddE.scrollHeight\"))\n    await ClickRandomInternalLink(true);\n   \n       await WaitForLoading();\n\n    tabs = await TabCount();\n    var ctabs = 1;\n    while (ctabs < tabs) {\n        await TabFocus(ctabs++);\n        await Delay(10000);\n        if ( await EvaluateScript(\"! window.location.href.includes('time4sounds.tk')\") ) {\n            await EvaluateScript(\"setTimeout(function(){var ww = window.open('about:blank', '_self'); ww.close();}, 500);\");\n            \n        }\n    }\n    await TabFocus(ctabs);\n\n}","popMacro":"","maxPopups":10,"blockRegex":"","acceptLanguages":["AF","AX","AL","DZ","AS","AD","AO","AI","AQ","AG","AR","AM","AW","AU","AT","AZ","BS","BH","BD","BB","BY","BE","BZ","BJ","BM","BT","BO","BA","BW","BR","BN","BG","BF","BI","KH","CM","CA","CV","KY","CF","TD","CL","CN","CX","CC","CO","KM","CG","CD","CK","CR","CI","HR","CU","CY","CZ","DK","DJ","DM","DO","EC","EG","SV","GQ","ER","EE","ET","FK","FO","FJ","FI","FR","PF","TF","GA","GM","GE","DE","GH","GI","GR","GL","GD","GP","GU","GT","GG","GN","GW","GY","HT","VA","HN","HK","HU","IS","IN","ID","IR","IQ","IE","IM","IL","IT","JM","JP","JE","JO","KZ","KE","KI","KR","KW","KG","LA","LV","LB","LS","LR","LY","LI","LT","LU","MO","MK","MG","MW","MY","MV","ML","MT","MH","MQ","MR","MU","YT","MX","FM","MD","MC","MN","ME","MS","MA","MZ","MM","NA","NR","NP","NL","AN","NC","NZ","NI","NE","NG","NU","NF","MP","NO","OM","PK","PW","PS","PA","PG","PY","PE","PH","PN","PL","PT","PR","QA","RE","RO","RU","RW","BL","SH","KN","LC","MF","VC","WS","SM","ST","SA","SN","RS","SC","SL","SG","SK","SI","SB","SO","ZA","GS","ES","LK","SD","SR","SZ","SE","CH","SY","TW","TJ","TZ","TH","TL","TG","TK","TO","TT","TN","TR","TM","TC","TV","UG","UA","AE","GB","US","UY","UZ","VU","VE","VN","VG","VI","WF","EH","YE","ZM","ZW"],"disImgRate":0,"enabled":true,"id":"ntF5PDc","selected":false,"userAgent":"global"},"nxW4Zgn":{"title":"http://time4games.ml/","urls":["http://time4games.ml/"],"referrers":["https://www.instagram.com","https://www.facebook.com","https://www.google.com","https://www.yandex.com","https://www.bing.com","https://www.twitter.com","https://www.youtube.com"],"duration":[150,180],"mainMacro":"await WaitForLoading();\nfor (var j=1; j<10; j++) {\n    \n    \n    do { //scroll\n    \n        scrl = Random(3,9);\n        for (var i = 1; i < scrl; i++) {\n            await EvaluateScript(\"var ddE = document.documentElement; ddE.scrollTo(0, ddE.clientHeight/(Math.floor(Math.random()*3)+9) + ddE.scrollTop);\");\n            await Delay(Random(10,20));\n        }\n        await Delay (Random(10,20));\n    } while (await EvaluateScript(\"var ddE = document.documentElement; ddE.clientHeight+ddE.scrollTop < ddE.scrollHeight\"))\n    await ClickRandomInternalLink(true);\n   \n       await WaitForLoading();\n\n    tabs = await TabCount();\n    var ctabs = 1;\n    while (ctabs < tabs) {\n        await TabFocus(ctabs++);\n        await Delay(6000);\n        if ( await EvaluateScript(\"! window.location.href.includes('time4games.ml')\") ) {\n            await EvaluateScript(\"setTimeout(function(){var ww = window.open('about:blank', '_self'); ww.close();}, 500);\");\n            \n        }\n    }\n    await TabFocus(ctabs);\n\n}","popMacro":"","maxPopups":10,"blockRegex":"","acceptLanguages":["AF","AX","AL","DZ","AS","AD","AO","AI","AQ","AG","AR","AM","AW","AU","AT","AZ","BS","BH","BD","BB","BY","BE","BZ","BJ","BM","BT","BO","BA","BW","BR","BN","BG","BF","BI","KH","CM","CA","CV","KY","CF","TD","CL","CN","CX","CC","CO","KM","CG","CD","CK","CR","CI","HR","CU","CY","CZ","DK","DJ","DM","DO","EC","EG","SV","GQ","ER","EE","ET","FK","FO","FJ","FI","FR","PF","TF","GA","GM","GE","DE","GH","GI","GR","GL","GD","GP","GU","GT","GG","GN","GW","GY","HT","VA","HN","HK","HU","IS","IN","ID","IR","IQ","IE","IM","IL","IT","JM","JP","JE","JO","KZ","KE","KI","KR","KW","KG","LA","LV","LB","LS","LR","LY","LI","LT","LU","MO","MK","MG","MW","MY","MV","ML","MT","MH","MQ","MR","MU","YT","MX","FM","MD","MC","MN","ME","MS","MA","MZ","MM","NA","NR","NP","NL","AN","NC","NZ","NI","NE","NG","NU","NF","MP","NO","OM","PK","PW","PS","PA","PG","PY","PE","PH","PN","PL","PT","PR","QA","RE","RO","RU","RW","BL","SH","KN","LC","MF","VC","WS","SM","ST","SA","SN","RS","SC","SL","SG","SK","SI","SB","SO","ZA","GS","ES","LK","SD","SR","SZ","SE","CH","SY","TW","TJ","TZ","TH","TL","TG","TK","TO","TT","TN","TR","TM","TC","TV","UG","UA","AE","GB","US","UY","UZ","VU","VE","VN","VG","VI","WF","EH","YE","ZM","ZW"],"disImgRate":0,"enabled":true,"id":"nxW4Zgn","selected":true,"userAgent":"global"},"nAabNM4":{"title":"https://footballnewss365.blogspot.com/","urls":["https://footballnewss365.blogspot.com/"],"referrers":["https://www.instagram.com","https://www.facebook.com","https://www.google.com","https://www.yandex.com","https://www.bing.com","https://www.twitter.com","https://www.youtube.com"],"duration":[150,180],"mainMacro":"await WaitForLoading();\nfor (var j=1; j<10; j++) {\n    \n    \n    do { //scroll\n    \n        scrl = Random(3,9);\n        for (var i = 1; i < scrl; i++) {\n            await EvaluateScript(\"var ddE = document.documentElement; ddE.scrollTo(0, ddE.clientHeight/(Math.floor(Math.random()*3)+9) + ddE.scrollTop);\");\n            await Delay(Random(10,20));\n        }\n        await Delay (Random(10,20));\n    } while (await EvaluateScript(\"var ddE = document.documentElement; ddE.clientHeight+ddE.scrollTop < ddE.scrollHeight\"))\n    await ClickRandomInternalLink(true);\n   \n       await WaitForLoading();\n\n    tabs = await TabCount();\n    var ctabs = 1;\n    while (ctabs < tabs) {\n        await TabFocus(ctabs++);\n        await Delay(6000);\n        if ( await EvaluateScript(\"! window.location.href.includes('footballnewss365.blogspot.com')\") ) {\n            await EvaluateScript(\"setTimeout(function(){var ww = window.open('about:blank', '_self'); ww.close();}, 500);\");\n            \n        }\n    }\n    await TabFocus(ctabs);\n\n}","popMacro":"","maxPopups":10,"blockRegex":"","acceptLanguages":["AF","AX","AL","DZ","AS","AD","AO","AI","AQ","AG","AR","AM","AW","AU","AT","AZ","BS","BH","BD","BB","BY","BE","BZ","BJ","BM","BT","BO","BA","BW","BR","BN","BG","BF","BI","KH","CM","CA","CV","KY","CF","TD","CL","CN","CX","CC","CO","KM","CG","CD","CK","CR","CI","HR","CU","CY","CZ","DK","DJ","DM","DO","EC","EG","SV","GQ","ER","EE","ET","FK","FO","FJ","FI","FR","PF","TF","GA","GM","GE","DE","GH","GI","GR","GL","GD","GP","GU","GT","GG","GN","GW","GY","HT","VA","HN","HK","HU","IS","IN","ID","IR","IQ","IE","IM","IL","IT","JM","JP","JE","JO","KZ","KE","KI","KR","KW","KG","LA","LV","LB","LS","LR","LY","LI","LT","LU","MO","MK","MG","MW","MY","MV","ML","MT","MH","MQ","MR","MU","YT","MX","FM","MD","MC","MN","ME","MS","MA","MZ","MM","NA","NR","NP","NL","AN","NC","NZ","NI","NE","NG","NU","NF","MP","NO","OM","PK","PW","PS","PA","PG","PY","PE","PH","PN","PL","PT","PR","QA","RE","RO","RU","RW","BL","SH","KN","LC","MF","VC","WS","SM","ST","SA","SN","RS","SC","SL","SG","SK","SI","SB","SO","ZA","GS","ES","LK","SD","SR","SZ","SE","CH","SY","TW","TJ","TZ","TH","TL","TG","TK","TO","TT","TN","TR","TM","TC","TV","UG","UA","AE","GB","US","UY","UZ","VU","VE","VN","VG","VI","WF","EH","YE","ZM","ZW"],"disImgRate":0,"enabled":true,"id":"nAabNM4","selected":true,"userAgent":"global"}}